Customer_id,Connection,Weight,Unit_type,Day,Week
1,17,28.901873496718714,20,1,0
1,17,27.430404082448582,20,2,0
1,17,9.10681296893917,20,3,0
1,17,27.48292576740252,20,4,0
1,17,13.749975000776285,20,5,0
1,17,24.90071242946022,20,6,0
1,17,15.434325417277162,20,7,0
1,14,21.201577541005577,20,1,0
1,14,19.596458278824876,20,1,0
1,14,19.136324220007246,20,1,0
1,14,7.612015425123411,20,2,0
1,14,3.0,20,2,0
1,14,5.959650814588818,20,2,0
1,14,3.648435963614458,20,3,0
1,14,5.55053176094285,20,3,0
1,14,3.0,20,3,0
1,14,19.962793920124305,20,4,0
1,14,24.86053045486919,20,4,0
1,14,23.22313766404,20,4,0
1,14,9.714155142733265,20,5,0
1,14,18.81386185651429,20,5,0
1,14,23.29538814299898,20,5,0
1,14,3.022936716997445,20,6,0
1,14,19.215347707227508,20,7,0
1,2,14.495921787859606,20,1,0
1,2,35.59027743766,20,1,0
1,2,27.455757247770997,20,1,0
1,2,32.14161927682245,20,1,0
1,2,29.95341107531093,20,2,0
1,2,27.130923283210365,20,2,0
1,2,26.095810499205687,20,2,0
1,2,26.38976603360195,20,2,0
1,2,13.529492299261658,20,3,0
1,2,9.008858538726463,20,3,0
1,2,10.53745436267709,20,3,0
1,2,33.1683697084345,20,3,0
1,2,29.483163284157975,20,4,0
1,2,32.55786477906265,20,4,0
1,2,32.29107788525536,20,4,0
1,2,12.093632905310404,20,4,0
1,2,26.89715771011378,20,5,0
1,2,29.467077778923535,20,5,0
1,2,30.819136977693784,20,5,0
1,2,12.605363034605645,20,5,0
1,2,12.760847277106853,20,6,0
1,2,13.203051630017102,20,7,0
2,6,14.97041143896054,20,1,0
2,6,13.188534312533875,20,2,0
2,6,33.188776944752725,20,3,0
2,6,32.03052008946208,20,4,0
2,6,15.786364051667594,20,5,0
2,6,37.739048045886506,20,6,0
2,6,33.25430961346474,20,7,0
2,4,23.606377801174617,20,1,0
2,4,25.032303295141272,20,1,0
2,4,3.0,20,2,0
2,4,36.97277393582813,20,2,0
2,4,4.618143840345661,20,3,0
2,4,31.659207372590213,20,3,0
2,4,35.4809397399608,20,4,0
2,4,3.0,20,4,0
2,4,21.524525052055896,20,5,0
2,4,24.671377510003285,20,5,0
2,4,37.3318958150102,20,6,0
2,4,3.0,20,7,0
2,17,40.05136402280569,20,1,0
2,17,8.139919908037793,20,1,0
2,17,39.01457512498395,20,2,0
2,17,27.641031626584265,20,2,0
2,17,29.12017542952766,20,2,0
2,17,7.261941733673729,20,3,0
2,17,7.833527737338902,20,3,0
2,17,25.99450937762883,20,3,0
2,17,8.719468490723454,20,4,0
2,17,41.097133429340325,20,4,0
2,17,3.0,20,4,0
2,17,24.994745620063618,20,5,0
2,17,38.4264637171357,20,5,0
2,17,32.0602675892245,20,6,0
2,17,38.90803165330856,20,7,0
2,6,27.883487182591388,20,1,0
2,6,5.92438813045383,20,1,0
2,6,9.786452947690742,20,2,0
2,6,30.322734205607592,20,2,0
2,6,7.669094198177186,20,3,0
2,6,3.298602231267383,20,3,0
2,6,3.0,20,3,0
2,6,5.665834534947743,20,3,0
2,6,7.7879010675844205,20,4,0
2,6,27.470242192319038,20,4,0
2,6,4.988907706259881,20,5,0
2,6,31.798848979476084,20,6,0
2,6,8.195851773342788,20,7,0
3,15,3.6655544459969183,20,1,0
3,15,3.0,20,2,0
3,15,7.0878534058707725,20,3,0
3,15,28.11117732207169,20,4,0
3,15,5.805007666256632,20,5,0
3,15,3.6728952728406776,20,6,0
3,15,3.0,20,7,0
3,18,17.85806099018896,20,1,0
3,18,8.314263462264158,20,1,0
3,18,33.18573714010611,20,2,0
3,18,13.217131502693611,20,2,0
3,18,16.279551566190634,20,3,0
3,18,14.284065235464404,20,3,0
3,18,37.9928350484497,20,4,0
3,18,15.900395884983872,20,4,0
3,18,8.56559114225867,20,5,0
3,18,36.08175524558338,20,5,0
3,18,8.210631257214587,20,6,0
3,18,13.294858912879004,20,7,0
3,5,36.5646621635584,20,1,0
3,5,8.841071376804386,20,2,0
3,5,39.54080597623924,20,3,0
3,5,32.71960380823491,20,3,0
3,5,5.532613074927446,20,4,0
3,5,36.40099516559844,20,4,0
3,5,25.535312290740237,20,5,0
3,5,37.430197698099384,20,5,0
3,5,20.92620437574981,20,6,0
3,5,21.534839590489455,20,7,0
3,3,19.54793991049903,20,1,0
3,3,37.21183139031329,20,1,0
3,3,16.541383242275522,20,1,0
3,3,13.425543843620458,20,2,0
3,3,12.032015343820476,20,2,0
3,3,35.75430524873141,20,2,0
3,3,16.14136359519216,20,3,0
3,3,35.73908860854647,20,3,0
3,3,37.32636710022608,20,3,0
3,3,11.728364889551571,20,4,0
3,3,12.064564208336389,20,4,0
3,3,42.402849181178404,20,4,0
3,3,14.551450784373051,20,5,0
3,3,43.817417108903,20,5,0
3,3,11.921304450871787,20,5,0
3,3,38.85196054721321,20,6,0
3,3,39.92612670120067,20,7,0
4,4,34.81116665021888,20,1,0
4,4,10.035574584229217,20,2,0
4,4,6.665647642139805,20,3,0
4,4,34.24027097821449,20,4,0
4,4,35.336994961726965,20,5,0
4,4,4.8197582167263056,20,6,0
4,4,36.991297041451176,20,7,0
4,17,14.299089820049574,20,1,0
4,17,25.078607937258635,20,1,0
4,17,28.23469365002482,20,2,0
4,17,10.749239762238766,20,2,0
4,17,29.676270497583644,20,3,0
4,17,13.396613801435997,20,3,0
4,17,13.077736751696529,20,4,0
4,17,10.40523320201791,20,4,0
4,17,29.377831590857316,20,5,0
4,17,7.966722628485142,20,5,0
4,17,10.860658922586731,20,6,0
4,17,30.401913581917587,20,7,0
4,10,32.00828920561789,20,1,0
4,10,34.51590204427496,20,2,0
4,10,30.866531259153817,20,3,0
4,10,17.631443558308142,20,3,0
4,10,41.07054024724002,20,4,0
4,10,35.48613341072671,20,4,0
4,10,39.08769319813406,20,5,0
4,10,36.18261185744926,20,6,0
4,10,28.896742463467504,20,7,0
4,9,21.872203234851852,20,1,0
4,9,23.45015092648654,20,2,0
4,9,24.239428121021703,20,3,0
4,9,39.3616427896274,20,3,0
4,9,35.228816744494935,20,4,0
4,9,22.16618001885237,20,4,0
4,9,18.894659709697976,20,5,0
4,9,37.02387260748612,20,5,0
4,9,27.865288209861742,20,6,0
4,9,15.396107650323207,20,7,0
5,17,6.110324242007068,20,1,0
5,17,3.0,20,2,0
5,17,15.016760334087827,20,3,0
5,17,3.0,20,4,0
5,17,9.28316188925287,20,5,0
5,17,19.97233254212844,20,6,0
5,17,9.779647071249713,20,7,0
5,13,17.965245091838387,20,1,0
5,13,23.91031914001701,20,2,0
5,13,32.18911064766026,20,3,0
5,13,39.10350968614919,20,4,0
5,13,20.206448944053374,20,5,0
5,13,11.039830816389058,20,6,0
5,13,37.596619439061456,20,7,0
5,10,8.85089725728255,20,1,0
5,10,3.7436754779504766,20,1,0
5,10,14.386780791380325,20,2,0
5,10,6.254575165125569,20,2,0
5,10,6.7136178698867806,20,3,0
5,10,3.0,20,3,0
5,10,4.286778280785217,20,4,0
5,10,14.061459447122791,20,4,0
5,10,7.438468224202714,20,5,0
5,10,14.353841915752087,20,5,0
5,10,5.641785608343357,20,6,0
5,10,12.654293503097799,20,7,0
5,17,37.211589102757756,20,1,0
5,17,39.76725242489452,20,1,0
5,17,37.25038920466939,20,2,0
5,17,38.9133125058009,20,2,0
5,17,38.67239025325624,20,3,0
5,17,41.3446326403094,20,3,0
5,17,31.878348189718185,20,4,0
5,17,36.41413593119455,20,5,0
5,17,28.529528049618953,20,6,0
5,17,30.927021405856053,20,7,0
6,15,3.8842781542183453,20,1,0
6,15,12.660862192516834,20,2,0
6,15,4.419847156737637,20,3,0
6,15,40.30548295780382,20,4,0
6,15,7.566144704445503,20,5,0
6,15,4.995389647863458,20,6,0
6,15,9.392329624473536,20,7,0
6,15,24.9836886184842,20,1,0
6,15,11.07354171755281,20,2,0
6,15,4.643037982699979,20,3,0
6,15,7.8797618479197125,20,4,0
6,15,10.019439492039067,20,5,0
6,15,23.288196922855434,20,6,0
6,15,9.30585699539955,20,7,0
6,9,16.39730492042012,20,1,0
6,9,34.12822561764255,20,2,0
6,9,9.596662864604642,20,3,0
6,9,4.385625206300974,20,4,0
6,9,7.810626085431546,20,5,0
6,9,7.045185743694908,20,6,0
6,9,7.475857039015896,20,7,0
6,15,31.736366902856155,20,1,0
6,15,22.35638267481412,20,1,0
6,15,28.39495805941406,20,2,0
6,15,25.012700432787785,20,2,0
6,15,24.934363482355554,20,3,0
6,15,24.515656157595245,20,4,0
6,15,22.795976520081975,20,4,0
6,15,24.145472864188104,20,5,0
6,15,23.943863810105412,20,5,0
6,15,22.349163645356324,20,6,0
6,15,29.441753116146728,20,7,0
7,18,24.510591750664958,20,1,0
7,18,34.49073357353263,20,2,0
7,18,41.26229229347557,20,3,0
7,18,10.181984432054545,20,4,0
7,18,38.87766761431923,20,5,0
7,18,10.36272360788284,20,6,0
7,18,13.737392114036973,20,7,0
7,7,11.989143044895036,20,1,0
7,7,15.49799019876989,20,2,0
7,7,7.686307920593478,20,3,0
7,7,7.11373394189393,20,4,0
7,7,11.456521302306614,20,5,0
7,7,11.504574804816244,20,6,0
7,7,11.095576572714217,20,7,0
7,1,30.194810031504378,20,1,0
7,1,23.585062950279447,20,1,0
7,1,27.54359380597864,20,2,0
7,1,24.674624443594038,20,2,0
7,1,24.147540299760905,20,3,0
7,1,37.37539784375738,20,4,0
7,1,36.23998134580769,20,5,0
7,1,36.550816040046826,20,6,0
7,1,36.962764092520125,20,7,0
8,4,28.121769824310938,20,1,0
8,4,7.719876981159871,20,2,0
8,4,20.296935438354787,20,3,0
8,4,7.47112651505082,20,4,0
8,4,17.00545202308698,20,5,0
8,4,16.11698830571606,20,6,0
8,4,28.609848439170324,20,7,0
9,6,10.42273896286168,20,1,0
9,6,11.969071848045674,20,2,0
9,6,16.75508530969314,20,3,0
9,6,20.514242298396535,20,4,0
9,6,14.3832672429854,20,5,0
9,6,22.293271508469736,20,6,0
9,6,15.093016689994144,20,7,0
9,11,36.83477909944076,20,1,0
9,11,28.377766330249674,20,2,0
9,11,41.57168117746567,20,3,0
9,11,25.02884759758225,20,4,0
9,11,38.5642465567974,20,5,0
9,11,23.11524796794858,20,6,0
9,11,25.419003020763597,20,7,0
9,1,36.396103006504205,20,1,0
9,1,32.731184048432596,20,1,0
9,1,33.97722707315007,20,2,0
9,1,38.003761842294985,20,2,0
9,1,36.06504999896721,20,3,0
9,1,6.688055543961015,20,4,0
9,1,3.0,20,5,0
9,1,4.136531488773464,20,6,0
9,1,3.20902229992659,20,7,0
10,8,28.379198895020703,20,1,0
10,8,28.72007459563043,20,2,0
10,8,12.808365459242843,20,3,0
10,8,30.01733030421697,20,4,0
10,8,28.30172457886076,20,5,0
10,8,12.096453038202416,20,6,0
10,8,22.401224007305434,20,7,0
10,14,21.40178948376095,20,1,0
10,14,24.05347942193097,20,2,0
10,14,11.907108615901434,20,3,0
10,14,30.74443363935472,20,4,0
10,14,19.54561179244433,20,5,0
10,14,14.420397187431902,20,6,0
10,14,12.973187776110494,20,7,0
10,12,18.24128148462468,20,1,0
10,12,31.479994630091305,20,2,0
10,12,34.52062551960975,20,3,0
10,12,33.03038116783416,20,4,0
10,12,29.27797240142949,20,5,0
10,12,11.67094017978154,20,6,0
10,12,25.652073834419085,20,7,0
11,5,6.03037894150547,20,1,0
11,5,3.0,20,2,0
11,5,8.446526680699897,20,3,0
11,5,4.8357051226464005,20,4,0
11,5,8.314962423357231,20,5,0
11,5,6.600485341937011,20,6,0
11,5,3.0,20,7,0
11,3,19.281679758670627,20,1,0
11,3,17.576186201969108,20,2,0
11,3,33.315017037885816,20,3,0
11,3,32.558217316463,20,4,0
11,3,33.99893750990796,20,5,0
11,3,35.2158544325225,20,6,0
11,3,35.91205251300182,20,7,0
12,8,19.42037134275615,20,1,0
12,8,30.627485074585582,20,2,0
12,8,27.90667966666057,20,3,0
12,8,17.708904880183674,20,4,0
12,8,18.243319997565454,20,5,0
12,8,36.07864336217521,20,6,0
12,8,17.938179793482426,20,7,0
12,16,26.90307937207584,20,1,0
12,16,21.70053782510647,20,2,0
12,16,23.12436197325912,20,3,0
12,16,27.22656289191791,20,4,0
12,16,22.923333788483813,20,5,0
12,16,21.90254503287036,20,6,0
12,16,23.168617214986302,20,7,0
13,15,12.633126123273042,20,1,0
13,15,28.543608801188235,20,2,0
13,15,8.403767055882621,20,3,0
13,15,11.282670750581167,20,4,0
13,15,23.513932262854706,20,5,0
13,15,22.030723945483867,20,6,0
13,15,19.12208656894842,20,7,0
14,19,36.68540159969395,20,1,0
14,19,37.930279486870035,20,2,0
14,19,33.844701961529935,20,3,0
14,19,30.713284496897995,20,4,0
14,19,34.214421720733675,20,5,0
14,19,34.91261815885146,20,6,0
14,19,29.581671697868988,20,7,0
15,12,30.12305222098893,20,1,0
15,12,6.596078944570556,20,2,0
15,12,8.339732710854989,20,3,0
15,12,10.002653812237437,20,4,0
15,12,31.0818335719138,20,5,0
15,12,34.33790810243176,20,6,0
15,12,32.02084995732856,20,7,0
16,1,12.296536472185462,20,1,0
16,1,31.743183177136135,20,2,0
16,1,33.66643931034675,20,3,0
16,1,11.957517965721781,20,4,0
16,1,18.55117166489104,20,5,0
16,1,33.14335053609031,20,6,0
16,1,33.00966263163143,20,7,0
1,17,8.345980864293686,20,1,1
1,17,10.048561898436171,20,2,1
1,17,25.925812509411855,20,3,1
1,17,15.949790836779389,20,4,1
1,17,20.22230807961079,20,5,1
1,17,7.527084235877664,20,6,1
1,17,26.042476997921305,20,7,1
1,20,12.366002235961991,20,1,1
1,20,23.91697159825003,20,1,1
1,20,12.0748402616978,20,2,1
1,20,10.28087975555555,20,2,1
1,20,28.05063105586801,20,3,1
1,20,12.83082607294925,20,3,1
1,20,27.80132083843546,20,4,1
1,20,27.40043421439654,20,4,1
1,20,32.768393846148456,20,5,1
1,20,31.96099751974233,20,5,1
1,20,32.84864324792121,20,6,1
1,20,32.82037526689788,20,7,1
1,14,21.572671802345994,20,1,1
1,14,20.948383199803406,20,1,1
1,14,10.383224310443198,20,2,1
1,14,22.36286992036756,20,2,1
1,14,21.128283125014917,20,2,1
1,14,24.37670169100197,20,3,1
1,14,20.889750170453418,20,3,1
1,14,18.926573063646206,20,3,1
1,14,3.0,20,4,1
1,14,9.804121005350277,20,4,1
1,14,22.548612855974763,20,5,1
1,14,23.263547732922973,20,5,1
1,14,23.28470262501101,20,5,1
1,14,18.335302381187134,20,6,1
1,14,19.262261932984394,20,7,1
1,2,33.8004154520418,20,1,1
1,2,26.722439406783156,20,1,1
1,2,23.757329633638125,20,1,1
1,2,25.759764948512455,20,1,1
1,2,13.350777721402192,20,2,1
1,2,10.949599000532023,20,2,1
1,2,15.328212145468433,20,2,1
1,2,14.393519920740523,20,2,1
1,2,11.290230663389762,20,3,1
1,2,14.22256281909757,20,3,1
1,2,28.82992836321433,20,3,1
1,2,24.35257352827507,20,3,1
1,2,23.964164789771136,20,4,1
1,2,32.046484717772785,20,4,1
1,2,14.65330068941266,20,4,1
1,2,32.77144387746296,20,4,1
1,2,24.43800553396033,20,5,1
1,2,12.666635107849453,20,5,1
1,2,8.345526195387386,20,5,1
1,2,30.585508388355567,20,5,1
1,2,12.293139344513168,20,6,1
1,2,10.194839555161526,20,6,1
1,2,23.54198836232373,20,7,1
2,6,12.387593871397524,20,1,1
2,6,11.908878760054336,20,2,1
2,6,10.696994837572124,20,3,1
2,6,32.55394818656628,20,4,1
2,6,10.516952534526867,20,5,1
2,6,34.99741908249125,20,6,1
2,6,32.43903284371432,20,7,1
2,4,33.114484842336225,20,1,1
2,4,4.1832458569470905,20,1,1
2,4,24.285625296763705,20,2,1
2,4,36.33220051268108,20,2,1
2,4,4.933000962252546,20,3,1
2,4,4.183728365925807,20,3,1
2,4,25.41245578541016,20,4,1
2,4,38.78753752860553,20,4,1
2,4,24.951089395140883,20,5,1
2,4,3.7480596676295073,20,5,1
2,4,23.18126453246729,20,6,1
2,4,5.674380970939553,20,7,1
2,17,5.287053686749719,20,1,1
2,17,9.820836384909637,20,1,1
2,17,40.22270959538163,20,1,1
2,17,7.8774324349859635,20,2,1
2,17,27.862974761834433,20,2,1
2,17,4.811668968737681,20,2,1
2,17,3.388091053559792,20,3,1
2,17,8.123743127067291,20,3,1
2,17,40.11985740692064,20,3,1
2,17,7.850187185456271,20,4,1
2,17,43.75251853662168,20,4,1
2,17,24.64535076062598,20,4,1
2,17,40.117306605171805,20,5,1
2,17,41.908077303966046,20,5,1
2,17,38.90707905240224,20,5,1
2,17,26.928205976334656,20,6,1
2,17,39.957444520307725,20,7,1
3,15,3.1489006687456698,20,1,1
3,15,3.0,20,2,1
3,15,3.0,20,3,1
3,15,3.0849344888032477,20,4,1
3,15,4.936786463163428,20,5,1
3,15,32.106676662239266,20,6,1
3,15,27.568864988337346,20,7,1
3,18,37.358768786623926,20,1,1
3,18,11.028789966356907,20,1,1
3,18,14.849070497200124,20,2,1
3,18,14.466144329013472,20,2,1
3,18,6.994195208275771,20,3,1
3,18,33.70631352094905,20,3,1
3,18,37.13513164221479,20,4,1
3,18,16.761578452454746,20,4,1
3,18,12.36532095878968,20,5,1
3,18,15.785150886949074,20,5,1
3,18,17.26674414839341,20,6,1
3,18,14.525135809990998,20,7,1
3,5,18.166193218578183,20,1,1
3,5,20.373785530375173,20,2,1
3,5,17.957286002236334,20,3,1
3,5,23.252093411182244,20,3,1
3,5,8.244626615516074,20,4,1
3,5,22.785361524517327,20,4,1
3,5,35.707869658521034,20,5,1
3,5,35.01637795333739,20,5,1
3,5,33.710852186271076,20,6,1
3,5,22.105871883881278,20,7,1
3,3,18.67928825003319,20,1,1
3,3,12.013935628441113,20,1,1
3,3,17.397990722995957,20,1,1
3,3,11.117344231512188,20,2,1
3,3,16.409715065284196,20,2,1
3,3,12.592756972503627,20,2,1
3,3,13.90616984368986,20,3,1
3,3,39.95360671790262,20,3,1
3,3,22.170636845087966,20,3,1
3,3,37.854719592506015,20,4,1
3,3,40.41428103057582,20,4,1
3,3,12.675646244323385,20,4,1
3,3,13.46499035529087,20,5,1
3,3,19.638275511352298,20,5,1
3,3,37.449358347271364,20,5,1
3,3,16.110195526398964,20,6,1
3,3,39.58157775857097,20,7,1
4,4,35.38747468682403,20,1,1
4,4,31.320915082631053,20,2,1
4,4,36.558607843311954,20,3,1
4,4,33.9352311925139,20,4,1
4,4,37.28793889705179,20,5,1
4,4,32.480628240491384,20,6,1
4,4,33.5663218473309,20,7,1
4,17,12.138910429697953,20,1,1
4,17,8.10708916216724,20,1,1
4,17,7.65759797256475,20,2,1
4,17,12.836391753352595,20,2,1
4,17,27.30488598334715,20,3,1
4,17,28.208838612443486,20,3,1
4,17,13.501201260304224,20,4,1
4,17,25.96960120687239,20,4,1
4,17,11.130601671635713,20,5,1
4,17,10.064844546426539,20,5,1
4,17,11.877913391799096,20,6,1
4,17,7.529551265675772,20,7,1
4,10,17.77546094580997,20,1,1
4,10,12.906679799001127,20,2,1
4,10,21.914199389320718,20,2,1
4,10,40.144192288967346,20,3,1
4,10,36.06233432860654,20,3,1
4,10,20.18000737211483,20,4,1
4,10,37.45616801536968,20,4,1
4,10,42.74645874113389,20,5,1
4,10,21.763830926346337,20,6,1
4,10,27.129147325283043,20,7,1
4,9,27.017598655238704,20,1,1
4,9,32.20901809985402,20,2,1
4,9,24.394705974585943,20,2,1
4,9,17.624609929254337,20,3,1
4,9,22.255267067887676,20,3,1
4,9,21.175701733410435,20,3,1
4,9,36.750866827984005,20,4,1
4,9,14.547774646156187,20,4,1
4,9,37.03287508605835,20,5,1
4,9,33.33587703229765,20,5,1
4,9,34.5000543074447,20,6,1
4,9,35.04640554925829,20,7,1
5,17,16.86055538438731,20,1,1
5,17,18.99442498686102,20,2,1
5,17,5.795189639612175,20,3,1
5,17,16.914140560283585,20,4,1
5,17,9.395057894382132,20,5,1
5,17,15.966741169736796,20,6,1
5,17,3.0,20,7,1
5,13,20.156003951692842,20,1,1
5,13,32.20076736605519,20,2,1
5,13,12.61676353726898,20,3,1
5,13,19.080562433421527,20,4,1
5,13,12.964546331189045,20,5,1
5,13,18.084889988363894,20,6,1
5,13,26.234999144506148,20,7,1
5,10,11.457545077888952,20,1,1
5,10,11.138457347322708,20,1,1
5,10,5.570476583718275,20,2,1
5,10,8.763881247612812,20,2,1
5,10,8.399412917872178,20,3,1
5,10,13.870296820187747,20,3,1
5,10,11.483403293402981,20,4,1
5,10,7.313019577486627,20,4,1
5,10,6.070764930416383,20,5,1
5,10,4.000437306604616,20,5,1
5,10,11.149948114968817,20,6,1
5,10,8.38647932150943,20,7,1
6,15,11.260029782255963,20,1,1
6,15,7.876676725237148,20,2,1
6,15,7.013437175904978,20,3,1
6,15,11.792479765405714,20,4,1
6,15,4.485204769958111,20,5,1
6,15,38.19901547153882,20,6,1
6,15,37.797683234861644,20,7,1
6,9,33.11146745854917,20,1,1
6,9,34.000781426277406,20,2,1
6,9,6.47250075587983,20,2,1
6,9,15.76451593631723,20,3,1
6,9,37.818136845313916,20,3,1
6,9,38.4309532935941,20,4,1
6,9,8.977894696592744,20,4,1
6,9,15.426203758255237,20,5,1
6,9,18.286826100265845,20,6,1
6,9,7.748487268148699,20,7,1
6,15,24.82853516387879,20,1,1
6,15,28.011028275068153,20,1,1
6,15,24.946369547134708,20,2,1
6,15,27.422401351368595,20,2,1
6,15,32.861260270571485,20,3,1
6,15,30.799626579175538,20,3,1
6,15,33.23835393300216,20,4,1
6,15,25.475433857733908,20,4,1
6,15,27.86196886624669,20,5,1
6,15,23.300203054886865,20,5,1
6,15,22.452961116820106,20,6,1
6,15,31.691435351041598,20,7,1
7,18,35.04524080040156,20,1,1
7,18,13.96683192917468,20,2,1
7,18,17.20510452846858,20,3,1
7,18,33.47564229486248,20,4,1
7,18,12.105120538771699,20,5,1
7,18,37.31713646385668,20,6,1
7,18,25.202342580640913,20,7,1
7,7,10.765827702766789,20,1,1
7,7,16.865316603161514,20,2,1
7,7,12.40647004846113,20,3,1
7,7,10.636386777951195,20,4,1
7,7,11.633354078324173,20,5,1
7,7,8.75388183375932,20,6,1
7,7,11.539445996442081,20,7,1
7,1,36.136281573936614,20,1,1
7,1,23.872364595388234,20,1,1
7,1,25.275203899659246,20,2,1
7,1,20.28101897948531,20,2,1
7,1,28.59928750261897,20,3,1
7,1,29.822347674641954,20,3,1
7,1,21.132883028857048,20,4,1
7,1,28.710342135339506,20,5,1
7,1,22.630669271352097,20,6,1
7,1,38.70265898978019,20,7,1
8,4,27.968748397782004,20,1,1
8,4,30.492883871625736,20,2,1
8,4,29.93653815990341,20,3,1
8,4,27.611091161829535,20,4,1
8,4,24.70185511791065,20,5,1
8,4,29.312910633392413,20,6,1
8,4,28.26506274857573,20,7,1
8,4,16.357539618177626,20,1,1
8,4,17.17272247796257,20,2,1
8,4,17.104025942983252,20,3,1
8,4,12.802794388201836,20,4,1
8,4,11.429738997626494,20,5,1
8,4,19.02714216940005,20,6,1
8,4,17.470447031733123,20,7,1
8,17,26.290864713771622,20,1,1
8,17,24.246123167408573,20,1,1
8,17,33.41038634152584,20,2,1
8,17,20.958894772445575,20,2,1
8,17,23.829291399813922,20,3,1
8,17,25.296672663252888,20,3,1
8,17,30.220434146022527,20,4,1
8,17,27.488329048084292,20,4,1
8,17,30.605038829417616,20,5,1
8,17,27.050764032652893,20,5,1
8,17,32.193909874076745,20,6,1
8,17,33.89978442077948,20,7,1
9,6,16.16907213681763,20,1,1
9,6,15.934123837614631,20,2,1
9,6,16.19218808566608,20,3,1
9,6,12.795909642178822,20,4,1
9,6,19.224182400892904,20,5,1
9,6,20.391017809626298,20,6,1
9,6,10.15346038291303,20,7,1
9,1,36.944998552316854,20,1,1
9,1,3.5072169109426197,20,2,1
9,1,37.882433305301234,20,3,1
9,1,5.831158575372726,20,4,1
9,1,37.21198766111851,20,5,1
9,1,9.3091334941377,20,6,1
9,1,37.64661661105911,20,7,1
10,8,21.16549067783433,20,1,1
10,8,25.678918898011858,20,2,1
10,8,23.29692244713987,20,3,1
10,8,19.66627601038847,20,4,1
10,8,12.4175052782504,20,5,1
10,8,12.635049919475993,20,6,1
10,8,30.147094841209427,20,7,1
10,14,21.994233014971968,20,1,1
10,14,26.08389933341241,20,2,1
10,14,30.025190790087773,20,3,1
10,14,26.61515612710265,20,4,1
10,14,34.504761600359195,20,5,1
10,14,33.137225045737786,20,6,1
10,14,11.96619745747286,20,7,1
11,5,5.85263573039304,20,1,1
11,5,3.0,20,2,1
11,5,9.917937155023832,20,3,1
11,5,9.530486995940288,20,4,1
11,5,3.0,20,5,1
11,5,8.00422092097155,20,6,1
11,5,12.473164205220156,20,7,1
12,16,26.469067721372706,20,1,1
12,16,24.68638620533341,20,2,1
12,16,27.613160778465776,20,3,1
12,16,27.565974284755868,20,4,1
12,16,24.755365179801636,20,5,1
12,16,25.56459301690468,20,6,1
12,16,21.407114375717047,20,7,1
13,15,19.312080229171542,20,1,1
13,15,20.88824386501133,20,2,1
13,15,11.427279907813626,20,3,1
13,15,10.062696171078953,20,4,1
13,15,8.237038254543428,20,5,1
13,15,11.789464943399851,20,6,1
13,15,7.3274872814634024,20,7,1
14,19,34.43580661993849,20,1,1
14,19,33.68801805669494,20,2,1
14,19,33.78388716690596,20,3,1
14,19,39.97087317901475,20,4,1
14,19,40.46224870431248,20,5,1
14,19,31.460205078218856,20,6,1
14,19,41.15110348384583,20,7,1
15,12,28.140571538442245,20,1,1
15,12,32.770913539430225,20,2,1
15,12,34.42769844694793,20,3,1
15,12,28.699844046376352,20,4,1
15,12,32.31722650571473,20,5,1
15,12,4.818812741872176,20,6,1
15,12,3.0,20,7,1
16,1,21.748177446466244,20,1,1
16,1,32.394063555467795,20,2,1
16,1,34.48851542409964,20,3,1
16,1,15.27435282591781,20,4,1
16,1,12.644475252349515,20,5,1
16,1,12.773321317911035,20,6,1
16,1,20.099915866821004,20,7,1
1,17,6.48266164469319,20,1,2
1,17,24.48894243597565,20,2,2
1,17,18.473528046994936,20,3,2
1,17,22.456498819063174,20,4,2
1,17,3.7276746017539715,20,5,2
1,17,9.769385897903016,20,6,2
1,17,9.107673714264536,20,7,2
1,20,8.252806452931264,20,1,2
1,20,14.352931701281282,20,1,2
1,20,32.90819975898945,20,2,2
1,20,27.770391070575933,20,2,2
1,20,29.603999282756025,20,3,2
1,20,20.7311259849966,20,3,2
1,20,13.390150041019067,20,4,2
1,20,14.8646416709802,20,4,2
1,20,28.332953724534867,20,5,2
1,20,23.202152098559047,20,5,2
1,20,31.337783365233356,20,6,2
1,20,15.759145213775636,20,7,2
1,14,22.462888161646415,20,1,2
1,14,23.422362304577717,20,1,2
1,14,26.273597942873977,20,1,2
1,14,3.0,20,2,2
1,14,26.52213964066701,20,2,2
1,14,19.349972737488713,20,2,2
1,14,20.753472007927137,20,3,2
1,14,10.126606494962601,20,3,2
1,14,19.65141242214504,20,4,2
1,14,8.203507302974634,20,4,2
1,14,18.364827602084716,20,4,2
1,14,18.355774291067767,20,5,2
1,14,9.558998229227043,20,5,2
1,14,21.48128471479874,20,5,2
1,14,22.12253941145844,20,6,2
1,14,19.01495477836087,20,7,2
1,2,8.269604466348849,20,1,2
1,2,27.14726502059685,20,1,2
1,2,29.02419540385977,20,1,2
1,2,29.425282409492965,20,2,2
1,2,26.159984942765515,20,2,2
1,2,24.124763745449016,20,2,2
1,2,34.38648054376779,20,2,2
1,2,20.45428384479463,20,3,2
1,2,32.74962539219946,20,3,2
1,2,9.920914448642854,20,3,2
1,2,30.074774560479263,20,4,2
1,2,12.773142641340693,20,4,2
1,2,28.16364698019477,20,4,2
1,2,30.81240018751781,20,5,2
1,2,27.31291081433602,20,5,2
1,2,33.53715963962529,20,5,2
1,2,25.300118510550345,20,6,2
1,2,11.86097476008155,20,7,2
1,2,11.962031969868061,20,7,2
2,6,14.353942658300532,20,1,2
2,6,36.25820262227469,20,2,2
2,6,8.351686892191811,20,3,2
2,6,27.210650812835258,20,4,2
2,6,37.10924449544325,20,5,2
2,6,10.872270872700014,20,6,2
2,6,12.315567825737816,20,7,2
2,4,34.27106803953633,20,1,2
2,4,35.5060301448559,20,1,2
2,4,5.433674104222225,20,2,2
2,4,3.984422582811683,20,2,2
2,4,25.516002119861653,20,3,2
2,4,24.536123289619262,20,4,2
2,4,23.349490925246457,20,4,2
2,4,20.316387314620137,20,5,2
2,4,25.376120531712814,20,5,2
2,4,6.313328671007222,20,6,2
2,4,32.75564331323894,20,7,2
2,17,12.271468886143012,20,1,2
2,17,38.338551642589614,20,1,2
2,17,28.9429114766025,20,1,2
2,17,3.5157077216598,20,2,2
2,17,38.051532269620296,20,2,2
2,17,41.36539904312712,20,2,2
2,17,35.612205480588415,20,3,2
2,17,37.32167440073796,20,3,2
2,17,29.16003387206986,20,3,2
2,17,40.893620255568656,20,4,2
2,17,6.193406374106283,20,4,2
2,17,40.92491712629034,20,4,2
2,17,3.1712937334364986,20,5,2
2,17,39.42295537344191,20,5,2
2,17,30.38385249633669,20,5,2
2,17,29.455551318704366,20,6,2
2,17,30.295009447846823,20,7,2
2,6,34.764740578276175,20,1,2
2,6,9.207060695535914,20,1,2
2,6,6.797340076307075,20,1,2
2,6,6.498305278208312,20,2,2
2,6,27.930424117518438,20,2,2
2,6,30.265710124283654,20,2,2
2,6,6.6444095085422665,20,3,2
2,6,3.612134744157517,20,3,2
2,6,10.314732294480741,20,3,2
2,6,29.835455560944528,20,3,2
2,6,4.793774867002007,20,4,2
2,6,37.46585683907582,20,4,2
2,6,29.69805165452458,20,4,2
2,6,31.75348353948662,20,5,2
2,6,4.2508292682000945,20,5,2
2,6,9.61236565191499,20,5,2
2,6,8.371413315915547,20,6,2
2,6,3.5126293910868767,20,7,2
3,15,3.0,20,1,2
3,15,6.596145916609463,20,2,2
3,15,26.90448844025099,20,3,2
3,15,8.63574898140265,20,4,2
3,15,11.807979388843048,20,5,2
3,15,6.804822882312718,20,6,2
3,15,26.84224444964343,20,7,2
3,18,9.340816884982283,20,1,2
3,18,17.608602387181982,20,1,2
3,18,11.967832753135056,20,2,2
3,18,38.54911154946992,20,2,2
3,18,16.939328029428868,20,3,2
3,18,20.002035011727944,20,3,2
3,18,14.794778402085777,20,4,2
3,18,11.648153379131145,20,4,2
3,18,13.509234487063813,20,5,2
3,18,10.91374346818006,20,5,2
3,18,15.20794180934184,20,6,2
3,18,12.832648966353101,20,7,2
3,5,5.692833259667601,20,1,2
3,5,35.28722268167355,20,2,2
3,5,20.65707068758883,20,3,2
3,5,33.8735227345077,20,4,2
3,5,9.137860013677262,20,4,2
3,5,6.5384302700911,20,5,2
3,5,24.13970099036647,20,5,2
3,5,5.858328946651153,20,6,2
3,5,21.182797407776064,20,7,2
3,3,41.818421482091416,20,1,2
3,3,17.37094658367064,20,1,2
3,3,11.284882782129232,20,1,2
3,3,12.443706975505293,20,2,2
3,3,36.03587500495953,20,2,2
3,3,35.41234990555696,20,2,2
3,3,9.798051080748511,20,3,2
3,3,41.293982759370294,20,3,2
3,3,35.41632410606021,20,4,2
3,3,14.904515302464166,20,4,2
3,3,14.684273086925629,20,4,2
3,3,40.238565656501244,20,5,2
3,3,13.111862075111775,20,5,2
3,3,14.292766889986598,20,5,2
3,3,11.661820013977371,20,6,2
3,3,16.6289998477837,20,7,2
4,4,35.19307068700379,20,1,2
4,4,34.11582341567097,20,2,2
4,4,36.42588370619868,20,3,2
4,4,3.0,20,4,2
4,4,37.57468799610279,20,5,2
4,4,7.057130091279897,20,6,2
4,4,34.21757699665717,20,7,2
4,17,12.886233360470623,20,1,2
4,17,9.795161405800934,20,1,2
4,17,26.261304829073506,20,2,2
4,17,9.815699790026487,20,2,2
4,17,8.757208431029762,20,3,2
4,17,26.141834426345415,20,3,2
4,17,17.401531890865648,20,4,2
4,17,13.891660390091058,20,4,2
4,17,29.544466943460797,20,5,2
4,17,17.22661322584006,20,5,2
4,17,18.8555341578352,20,6,2
4,17,28.610197487455718,20,7,2
4,10,34.41292801494192,20,1,2
4,10,33.41961311429691,20,2,2
4,10,43.41074588880569,20,2,2
4,10,38.66043774021818,20,3,2
4,10,29.87154590671108,20,3,2
4,10,40.70062918877672,20,4,2
4,10,23.008772993256514,20,4,2
4,10,38.32821057219515,20,5,2
4,10,30.966529560221627,20,6,2
4,10,35.54343105364166,20,7,2
4,9,38.204620212693676,20,1,2
4,9,36.11768739677532,20,2,2
4,9,33.9857036897807,20,2,2
4,9,17.943678371925895,20,3,2
4,9,23.619829036145447,20,3,2
4,9,24.95436109541304,20,4,2
4,9,25.059924791061512,20,4,2
4,9,19.60611816749776,20,5,2
4,9,27.84124747175151,20,5,2
4,9,18.275081348009735,20,6,2
4,9,19.435729356905473,20,7,2
5,17,3.0,20,1,2
5,17,3.0,20,2,2
5,17,14.814968930818122,20,3,2
5,17,5.326309096694946,20,4,2
5,17,19.65841789628444,20,5,2
5,17,7.865854034250717,20,6,2
5,17,18.130085209832544,20,7,2
5,13,39.21737650078897,20,1,2
5,13,18.075991465213843,20,2,2
5,13,13.791796830158038,20,3,2
5,13,15.270346539143244,20,4,2
5,13,17.390021651667293,20,5,2
5,13,27.063922807635247,20,6,2
5,13,33.39211085288273,20,7,2
5,10,9.654845847386115,20,1,2
5,10,15.378441305242275,20,1,2
5,10,3.065792115189846,20,2,2
5,10,13.007103160235093,20,2,2
5,10,7.982148457923522,20,3,2
5,10,9.234702646143973,20,3,2
5,10,12.236927226650069,20,4,2
5,10,8.599130438979572,20,4,2
5,10,13.754341537179133,20,5,2
5,10,13.951239406192933,20,5,2
5,10,11.699364894805703,20,6,2
5,10,9.231666293295222,20,7,2
5,17,42.69193845148916,20,1,2
5,17,35.02733655499358,20,1,2
5,17,35.49827846178697,20,2,2
5,17,32.81598042121553,20,2,2
5,17,36.79407929174412,20,2,2
5,17,31.158177656717566,20,3,2
5,17,31.03435356908378,20,3,2
5,17,40.48292726413928,20,3,2
5,17,28.137158875166662,20,4,2
5,17,38.41597251133954,20,4,2
5,17,30.36189605891464,20,5,2
5,17,37.254379561342525,20,6,2
5,17,36.39285876847651,20,7,2
6,15,3.3837163597354083,20,1,2
6,15,36.515459598351796,20,2,2
6,15,4.359860780688727,20,3,2
6,15,34.86990464978214,20,4,2
6,15,35.162722621972826,20,5,2
6,15,35.366252787849525,20,6,2
6,15,4.507137704626834,20,7,2
6,15,10.543178991677452,20,1,2
6,15,28.484324623027938,20,2,2
6,15,16.596797673216358,20,3,2
6,15,19.708359736378252,20,4,2
6,15,10.31373011026802,20,5,2
6,15,9.687571220059596,20,6,2
6,15,22.073145723450097,20,7,2
6,9,4.88139674671348,20,1,2
6,9,5.59134081906245,20,2,2
6,9,6.979188125291965,20,3,2
6,9,17.315134668107454,20,4,2
6,9,5.725307768802545,20,5,2
6,9,7.512156067724353,20,6,2
6,9,36.56037448893969,20,7,2
6,15,24.85023761303173,20,1,2
6,15,22.760836590601855,20,2,2
6,15,24.00623736859806,20,3,2
6,15,30.940769224998665,20,4,2
6,15,27.139328914472056,20,5,2
6,15,23.39782444570944,20,6,2
6,15,26.761382653608035,20,7,2
7,18,17.727588932093692,20,1,2
7,18,24.34302501850126,20,2,2
7,18,37.66599608844884,20,3,2
7,18,20.044489321803667,20,4,2
7,18,19.559776011798643,20,5,2
7,18,11.403566089158614,20,6,2
7,18,38.44863048269422,20,7,2
7,7,14.42828629293157,20,1,2
7,7,22.056327593860473,20,2,2
7,7,16.2451924773894,20,3,2
7,7,18.05818362870345,20,4,2
7,7,13.489971129530609,20,5,2
7,7,20.075405676235537,20,6,2
7,7,11.12202214765327,20,7,2
7,1,35.863474579545745,20,1,2
7,1,27.924182662085446,20,1,2
7,1,32.21989213036501,20,2,2
7,1,25.535006520659053,20,2,2
7,1,30.99112096929544,20,3,2
7,1,31.774991208433537,20,3,2
7,1,35.1210768193059,20,4,2
7,1,33.27819487072286,20,5,2
7,1,26.57483605901526,20,6,2
7,1,24.130968818805986,20,7,2
8,4,27.875739194576447,20,1,2
8,4,32.25338408734527,20,2,2
8,4,20.758424634124392,20,3,2
8,4,20.303082337062435,20,4,2
8,4,21.59370331904966,20,5,2
8,4,25.528727868500976,20,6,2
8,4,27.85486111515058,20,7,2
8,4,31.454700210026303,20,1,2
8,4,10.131450788017128,20,2,2
8,4,12.507115368165364,20,3,2
8,4,17.31945456936423,20,4,2
8,4,27.47382948632424,20,5,2
8,4,19.06985834111926,20,6,2
8,4,13.679343888799224,20,7,2
9,6,16.20730104479516,20,1,2
9,6,12.53165768208025,20,2,2
9,6,14.60930265867835,20,3,2
9,6,14.383610187276618,20,4,2
9,6,19.73082937775115,20,5,2
9,6,16.156718872755892,20,6,2
9,6,20.843001361385483,20,7,2
9,11,27.977574785440193,20,1,2
9,11,25.004245222601416,20,2,2
9,11,35.60710218719533,20,3,2
9,11,22.886505844967534,20,4,2
9,11,37.830186450237356,20,5,2
9,11,35.2961224091087,20,6,2
9,11,41.355534404214154,20,7,2
9,1,32.817696562225144,20,1,2
9,1,11.259721012494257,20,1,2
9,1,5.903799758357927,20,2,2
9,1,8.34293150547133,20,2,2
9,1,4.169433462514355,20,3,2
9,1,38.16855585167259,20,3,2
9,1,37.17336310689918,20,4,2
9,1,6.423891443623878,20,5,2
9,1,36.88280226659959,20,6,2
9,1,3.0,20,7,2
10,8,30.61600029521348,20,1,2
10,8,12.206184399844359,20,2,2
10,8,24.369137257349077,20,3,2
10,8,25.10736515352581,20,4,2
10,8,27.903470744753243,20,5,2
10,8,26.229946887913115,20,6,2
10,8,29.81070252657209,20,7,2
10,14,32.75889282432942,20,1,2
10,14,33.156274914041724,20,2,2
10,14,12.88907978959056,20,3,2
10,14,34.896655983925314,20,4,2
10,14,22.961957068652747,20,5,2
10,14,31.87803677072098,20,6,2
10,14,32.71956433303908,20,7,2
10,12,23.805667502308985,20,1,2
10,12,18.962578271410273,20,2,2
10,12,26.29737984848306,20,3,2
10,12,26.970353720272925,20,4,2
10,12,22.433902582981883,20,5,2
10,12,29.501717247289342,20,6,2
10,12,29.225532946530294,20,7,2
11,5,6.795132773045756,20,1,2
11,5,7.010417993923146,20,2,2
11,5,6.526138303253596,20,3,2
11,5,11.414789045490057,20,4,2
11,5,3.0,20,5,2
11,5,6.765383943747333,20,6,2
11,5,7.39105557135123,20,7,2
11,3,30.65203786662571,20,1,2
11,3,29.592962866529113,20,2,2
11,3,18.785286948810146,20,3,2
11,3,15.081871164314176,20,4,2
11,3,38.17610861321173,20,5,2
11,3,35.27059973697984,20,6,2
11,3,17.92545887693723,20,7,2
12,16,25.85591797517191,20,1,2
12,16,25.78377817300809,20,2,2
12,16,29.637587127242917,20,3,2
12,16,23.52537464040609,20,4,2
12,16,21.486049152461923,20,5,2
12,16,21.308268837001904,20,6,2
12,16,26.414499643951295,20,7,2
13,15,19.399679099147786,20,1,2
13,15,27.710824399718792,20,2,2
13,15,24.493419172062247,20,3,2
13,15,31.24835354511038,20,4,2
13,15,16.56979206823347,20,5,2
13,15,26.015133591880897,20,6,2
13,15,21.087772486642237,20,7,2
14,19,35.5989441046805,20,1,2
14,19,34.11017789261087,20,2,2
14,19,33.775855942266084,20,3,2
14,19,29.24457452423379,20,4,2
14,19,36.82821733011199,20,5,2
14,19,35.27447154803199,20,6,2
14,19,33.73976912520269,20,7,2
15,12,28.770765804552067,20,1,2
15,12,34.04003357675273,20,2,2
15,12,3.0,20,3,2
15,12,28.392971703902976,20,4,2
15,12,4.323138166775915,20,5,2
15,12,30.599536063323466,20,6,2
15,12,39.03170749245192,20,7,2
16,1,11.222269206693664,20,1,2
16,1,38.44653483474388,20,2,2
16,1,16.19277371165228,20,3,2
16,1,17.24791990492961,20,4,2
16,1,21.358742354119443,20,5,2
16,1,11.3628622645345,20,6,2
16,1,20.136475205615827,20,7,2
1,17,10.002540312090751,20,1,3
1,17,13.205448438673638,20,2,3
1,17,6.107225683381904,20,3,3
1,17,26.012513161221385,20,4,3
1,17,21.327684301314815,20,5,3
1,17,18.553382469733997,20,6,3
1,17,27.916603959631914,20,7,3
1,14,19.76068088173847,20,1,3
1,14,3.0,20,1,3
1,14,20.59977122128167,20,1,3
1,14,3.0,20,2,3
1,14,17.55364307182937,20,2,3
1,14,8.142891340579798,20,2,3
1,14,21.103811932319694,20,3,3
1,14,22.4350533473192,20,3,3
1,14,20.39699849460368,20,3,3
1,14,21.63956982963463,20,4,3
1,14,21.297778690205057,20,4,3
1,14,20.784064486099922,20,5,3
1,14,19.065389624892706,20,5,3
1,14,5.805833934277867,20,5,3
1,14,24.083509279399635,20,6,3
1,14,6.650938580013856,20,7,3
1,2,32.28689384511933,20,1,3
1,2,25.110577422832023,20,1,3
1,2,29.263305101773867,20,1,3
1,2,30.43650978661396,20,1,3
1,2,25.810882958987417,20,2,3
1,2,22.330796789893213,20,2,3
1,2,29.03142364938442,20,2,3
1,2,12.96039890733698,20,2,3
1,2,12.926919649060427,20,3,3
1,2,23.063859674637552,20,3,3
1,2,24.729185796232198,20,3,3
1,2,9.942058827048626,20,3,3
1,2,37.69059759361437,20,4,3
1,2,32.17543916490908,20,4,3
1,2,13.838354136918111,20,4,3
1,2,33.0074861442672,20,4,3
1,2,33.948396505655396,20,5,3
1,2,26.93403291077066,20,5,3
1,2,9.799542076468635,20,5,3
1,2,14.547676310445654,20,6,3
1,2,13.8299528674621,20,7,3
2,6,36.06749957502056,20,1,3
2,6,17.78749572010515,20,2,3
2,6,30.82225149647197,20,3,3
2,6,29.5340997489213,20,4,3
2,6,30.485994892620948,20,5,3
2,6,13.381430501018128,20,6,3
2,6,33.502884586036124,20,7,3
2,4,23.71839151946083,20,1,3
2,4,35.73107358568869,20,1,3
2,4,23.199709730734707,20,2,3
2,4,5.497140933943319,20,2,3
2,4,3.0,20,3,3
2,4,21.373709863589816,20,3,3
2,4,35.233546203577376,20,4,3
2,4,4.929739427768789,20,4,3
2,4,4.90583707089975,20,5,3
2,4,3.0,20,5,3
2,4,32.279317048552784,20,6,3
2,4,3.0204744392442238,20,7,3
2,17,8.495158773747344,20,1,3
2,17,30.694665329514756,20,1,3
2,17,25.881810489703923,20,1,3
2,17,28.676530957639297,20,2,3
2,17,4.526016992310451,20,2,3
2,17,30.785427756694002,20,2,3
2,17,41.78490969654711,20,3,3
2,17,26.373817551183063,20,3,3
2,17,7.821121821191333,20,3,3
2,17,40.51088611867637,20,4,3
2,17,8.171279632916612,20,4,3
2,17,7.989947592131528,20,4,3
2,17,29.439601006209912,20,5,3
2,17,27.275932304734788,20,5,3
2,17,38.887027762845456,20,5,3
2,17,42.449951046801594,20,6,3
2,17,31.38604176542515,20,7,3
2,6,3.6686573705056644,20,1,3
2,6,33.69408241103656,20,2,3
2,6,11.767198699759717,20,2,3
2,6,6.298174228477679,20,2,3
2,6,23.31239387120054,20,3,3
2,6,27.021778243167624,20,3,3
2,6,3.0,20,3,3
2,6,3.0,20,4,3
2,6,8.554951172540015,20,5,3
2,6,4.414254882836086,20,6,3
2,6,35.35493278732408,20,7,3
3,15,3.0,20,1,3
3,15,5.370259320384236,20,2,3
3,15,3.0,20,3,3
3,15,3.0,20,4,3
3,15,7.410994620560599,20,5,3
3,15,5.621273439635905,20,6,3
3,15,5.829179751773104,20,7,3
3,18,38.41252809266867,20,1,3
3,18,16.51266563435203,20,1,3
3,18,12.144550377970303,20,2,3
3,18,16.480576617888147,20,2,3
3,18,9.475481969853142,20,3,3
3,18,16.716872476990883,20,3,3
3,18,15.76012792237125,20,4,3
3,18,6.410280451070458,20,4,3
3,18,10.878175697098944,20,5,3
3,18,18.11610232375936,20,5,3
3,18,10.178649616579523,20,6,3
3,18,38.20586911519119,20,7,3
3,5,33.994363810269256,20,1,3
3,5,19.940524388333554,20,2,3
3,5,5.929036158465963,20,3,3
3,5,6.77605892894034,20,3,3
3,5,35.90785084993011,20,4,3
3,5,5.944210033335912,20,4,3
3,5,6.396441224789034,20,5,3
3,5,19.86988067038083,20,5,3
3,5,4.22756688942778,20,6,3
3,5,4.988218187316265,20,7,3
3,3,10.792452880965634,20,1,3
3,3,19.56795710867498,20,1,3
3,3,19.380779747605683,20,1,3
3,3,16.483827731956243,20,2,3
3,3,39.73056805189019,20,2,3
3,3,42.11657285355423,20,2,3
3,3,18.10552721770028,20,3,3
3,3,42.74059510992833,20,3,3
3,3,40.42994638367065,20,3,3
3,3,14.68885758793623,20,4,3
3,3,22.09496234430879,20,4,3
3,3,16.665492204604455,20,4,3
3,3,15.061663488031819,20,5,3
3,3,41.393865326246924,20,5,3
3,3,41.575380253784566,20,6,3
3,3,15.22881257009155,20,7,3
4,4,31.01588851885839,20,1,3
4,4,35.23016121681269,20,2,3
4,4,28.900226366583688,20,3,3
4,4,27.57367200839219,20,4,3
4,4,27.543100260042237,20,5,3
4,4,7.28447100366601,20,6,3
4,4,37.667269493342715,20,7,3
4,17,9.719586228879983,20,1,3
4,17,10.487865710884938,20,1,3
4,17,11.400677006266173,20,2,3
4,17,26.07282651538966,20,2,3
4,17,7.481319560879121,20,3,3
4,17,28.042535834493485,20,3,3
4,17,14.97741635451742,20,4,3
4,17,11.080370226966709,20,4,3
4,17,24.13628524654532,20,5,3
4,17,16.21430854987731,20,5,3
4,17,26.761494501629222,20,6,3
4,17,24.823869245010666,20,7,3
4,10,15.406575812432418,20,1,3
4,10,30.451483668097286,20,2,3
4,10,39.329253238798245,20,3,3
4,10,41.74606173704851,20,3,3
4,10,36.51658818658762,20,4,3
4,10,21.054652526231386,20,4,3
4,10,42.40313142247682,20,5,3
4,10,33.0287414485779,20,6,3
4,10,25.217296759467562,20,7,3
4,9,27.181151325852642,20,1,3
4,9,35.05495390230993,20,2,3
4,9,33.97740253830702,20,2,3
4,9,37.89819695153248,20,3,3
4,9,12.970591574220808,20,3,3
4,9,21.605405116200462,20,4,3
4,9,24.42436056205009,20,4,3
4,9,25.277484940115304,20,5,3
4,9,36.462363821163294,20,5,3
4,9,23.264566305721,20,6,3
4,9,14.014387639602106,20,7,3
5,17,11.938327619098207,20,1,3
5,17,3.0,20,2,3
5,17,19.486438834478744,20,3,3
5,17,3.0,20,4,3
5,17,11.84625690047293,20,5,3
5,17,4.335154821510865,20,6,3
5,17,13.472418422300306,20,7,3
5,13,12.423642532179109,20,1,3
5,13,39.882386189738945,20,2,3
5,13,37.734672584636485,20,3,3
5,13,18.410623281848704,20,4,3
5,13,21.55037234183957,20,5,3
5,13,39.69176733859101,20,6,3
5,13,19.77634577205742,20,7,3
5,10,15.04203766376015,20,1,3
5,10,5.577909706430958,20,1,3
5,10,4.684240807778005,20,2,3
5,10,8.169720347853577,20,2,3
5,10,7.111682919732223,20,3,3
5,10,9.576627888871492,20,3,3
5,10,4.747173851212018,20,4,3
5,10,7.800533088113868,20,4,3
5,10,14.053733768385158,20,5,3
5,10,4.9951228714137965,20,5,3
5,10,5.204577592812394,20,6,3
5,10,9.25810963949687,20,7,3
6,15,3.0,20,1,3
6,15,6.225590787114681,20,2,3
6,15,3.4473662936514353,20,3,3
6,15,11.866137314453079,20,4,3
6,15,34.47748061787523,20,5,3
6,15,4.66063084000296,20,6,3
6,15,39.02662446945919,20,7,3
6,9,18.14468778675641,20,1,3
6,9,6.222902747329047,20,2,3
6,9,39.78376888642414,20,2,3
6,9,11.160473378316583,20,3,3
6,9,19.26805240521687,20,3,3
6,9,5.769403036480313,20,4,3
6,9,35.414021448436046,20,4,3
6,9,13.789048277485772,20,5,3
6,9,32.05684376089689,20,6,3
6,9,32.128325752175556,20,7,3
6,15,32.01795186875217,20,1,3
6,15,23.74235427531816,20,1,3
6,15,27.046638966513157,20,2,3
6,15,27.22854676520245,20,2,3
6,15,31.106217549572794,20,3,3
6,15,32.787641262221705,20,3,3
6,15,28.162174888227987,20,4,3
6,15,31.5196288465174,20,4,3
6,15,26.734388973029866,20,5,3
6,15,29.26042652976239,20,5,3
6,15,28.425474943914217,20,6,3
6,15,31.799393867318706,20,7,3
7,18,39.40928107142359,20,1,3
7,18,42.731665953688896,20,2,3
7,18,10.064921706766182,20,3,3
7,18,32.497678583885794,20,4,3
7,18,39.08635269818273,20,5,3
7,18,16.25738627538968,20,6,3
7,18,14.93814539069406,20,7,3
7,7,6.0484396989319,20,1,3
7,7,18.70777156479226,20,2,3
7,7,9.996705508977705,20,3,3
7,7,8.157947619170374,20,4,3
7,7,10.469815123959917,20,5,3
7,7,15.64520489756827,20,6,3
7,7,9.093474564276667,20,7,3
7,1,22.19398387157029,20,1,3
7,1,35.76090845101636,20,1,3
7,1,27.668363995850378,20,2,3
7,1,31.00759297339871,20,2,3
7,1,32.312938632596236,20,3,3
7,1,22.273148700653305,20,4,3
7,1,34.6166446121671,20,5,3
7,1,31.70120618685707,20,6,3
7,1,26.918797001074935,20,7,3
8,4,12.097384931784992,20,1,3
8,4,15.619674010493267,20,2,3
8,4,8.724131754713998,20,3,3
8,4,15.599799025971233,20,4,3
8,4,25.203537667501855,20,5,3
8,4,14.598158963517571,20,6,3
8,4,15.615093627791897,20,7,3
8,17,23.628775214086975,20,1,3
8,17,29.582027028290188,20,1,3
8,17,26.565000658955782,20,2,3
8,17,32.15179445212727,20,2,3
8,17,37.52975342562506,20,3,3
8,17,34.12595006225266,20,3,3
8,17,32.91781527645931,20,4,3
8,17,23.95738137218827,20,4,3
8,17,35.80567830730581,20,5,3
8,17,26.17544397110847,20,5,3
8,17,36.218581802846806,20,6,3
8,17,33.18436849406639,20,7,3
9,6,16.73331077531749,20,1,3
9,6,14.758877260015074,20,2,3
9,6,15.215151578157895,20,3,3
9,6,17.78811767470299,20,4,3
9,6,12.610055848445615,20,5,3
9,6,19.123842032889087,20,6,3
9,6,13.370311740230322,20,7,3
9,1,36.620246726402065,20,1,3
9,1,3.0,20,1,3
9,1,8.619904727583606,20,2,3
9,1,36.38344943130065,20,2,3
9,1,8.744890782742816,20,3,3
9,1,3.0668563361830694,20,3,3
9,1,8.984721339580044,20,4,3
9,1,7.264450844037347,20,5,3
9,1,37.087761070167545,20,6,3
9,1,8.042234232789765,20,7,3
10,8,22.832990873992863,20,1,3
10,8,26.983652686894665,20,2,3
10,8,15.78302423775155,20,3,3
10,8,24.869332991835734,20,4,3
10,8,21.708929580380854,20,5,3
10,8,27.006563996114977,20,6,3
10,8,26.41477710000112,20,7,3
10,14,34.488075577695184,20,1,3
10,14,10.830079317754453,20,2,3
10,14,34.504436562171485,20,3,3
10,14,24.018940372348712,20,4,3
10,14,13.543318042406458,20,5,3
10,14,9.235632294775337,20,6,3
10,14,23.352253086502802,20,7,3
11,5,5.352513555184471,20,1,3
11,5,3.0,20,2,3
11,5,7.575372409418762,20,3,3
11,5,5.640041187823677,20,4,3
11,5,3.0,20,5,3
11,5,6.166722528081429,20,6,3
11,5,11.694283818958617,20,7,3
12,16,26.888364390628556,20,1,3
12,16,25.860752451636,20,2,3
12,16,25.136149185540074,20,3,3
12,16,27.14023285200872,20,4,3
12,16,28.058418574336667,20,5,3
12,16,23.423610811699806,20,6,3
12,16,26.004626915619173,20,7,3
13,15,10.29974038692418,20,1,3
13,15,19.821266935742134,20,2,3
13,15,20.669695973314415,20,3,3
13,15,31.28557376699126,20,4,3
13,15,19.612696529927074,20,5,3
13,15,29.78962027654705,20,6,3
13,15,28.32323609356934,20,7,3
14,19,37.3847195177255,20,1,3
14,19,30.821859935903703,20,2,3
14,19,33.073841810734564,20,3,3
14,19,35.66792905008684,20,4,3
14,19,38.649114228044446,20,5,3
14,19,33.76771309736432,20,6,3
14,19,34.46007354784582,20,7,3
15,12,11.58640182662747,20,1,3
15,12,37.593564417238944,20,2,3
15,12,6.372079052932976,20,3,3
15,12,36.325878323151564,20,4,3
15,12,36.669117095799855,20,5,3
15,12,34.32844568789678,20,6,3
15,12,32.40780139163097,20,7,3
16,1,21.856156027854844,20,1,3
16,1,17.609581471562013,20,2,3
16,1,37.50480566352542,20,3,3
16,1,30.238354974170356,20,4,3
16,1,21.443014023866525,20,5,3
16,1,24.869860312141792,20,6,3
16,1,16.778497602775637,20,7,3
1,17,26.177418707628547,20,1,4
1,17,28.330699246542387,20,2,4
1,17,22.94724413931533,20,3,4
1,17,7.112567894863748,20,4,4
1,17,21.86649616855365,20,5,4
1,17,27.033351334057038,20,6,4
1,17,15.906704580525187,20,7,4
1,14,3.637741933127506,20,1,4
1,14,23.73682154715344,20,1,4
1,14,21.75457619090467,20,1,4
1,14,6.506064295048278,20,2,4
1,14,6.239774845413473,20,2,4
1,14,23.552137380104224,20,2,4
1,14,17.927058429132565,20,3,4
1,14,24.629309428969762,20,3,4
1,14,20.131975805900996,20,3,4
1,14,20.64994271236579,20,4,4
1,14,21.85041522019551,20,4,4
1,14,9.264650780049692,20,4,4
1,14,23.214565549452352,20,5,4
1,14,9.493024362331706,20,5,4
1,14,23.807892726186108,20,5,4
1,14,6.520427295611244,20,6,4
1,14,22.679829805433318,20,7,4
1,2,32.2845384330806,20,1,4
1,2,27.100153911807844,20,1,4
1,2,10.414918682183684,20,1,4
1,2,29.483762112239617,20,1,4
1,2,22.395556995196536,20,2,4
1,2,31.760564291016735,20,2,4
1,2,27.64143850581196,20,2,4
1,2,24.727977555294554,20,2,4
1,2,29.306231109452664,20,3,4
1,2,22.41272695626964,20,3,4
1,2,23.602220025496614,20,3,4
1,2,24.475804998644488,20,3,4
1,2,26.41475139458508,20,4,4
1,2,13.884839469407511,20,4,4
1,2,29.638283390000375,20,4,4
1,2,28.251998720422375,20,4,4
1,2,11.204369519409948,20,5,4
1,2,25.666987140541437,20,5,4
1,2,32.94624330959627,20,5,4
1,2,31.445445138888307,20,5,4
1,2,30.70525407135996,20,6,4
1,2,27.333836973651408,20,6,4
1,2,27.771192651845777,20,7,4
1,2,9.573093327387488,20,7,4
2,6,5.80342063964415,20,1,4
2,6,28.314612332289954,20,2,4
2,6,15.9758278066569,20,3,4
2,6,9.94966642168219,20,4,4
2,6,30.22096222182298,20,5,4
2,6,8.823839009182953,20,6,4
2,6,8.64428606118345,20,7,4
2,4,33.14424338757511,20,1,4
2,4,3.0,20,1,4
2,4,27.826445094877545,20,2,4
2,4,18.95906311120004,20,2,4
2,4,20.75151657022624,20,3,4
2,4,3.0,20,3,4
2,4,21.28411678025102,20,4,4
2,4,35.38689299460398,20,4,4
2,4,29.05534573536859,20,5,4
2,4,7.390929692438945,20,5,4
2,4,33.961011603197136,20,6,4
2,4,4.956812955195655,20,7,4
2,17,3.0,20,1,4
2,17,28.23849780349269,20,1,4
2,17,41.72040787242343,20,1,4
2,17,9.467449165188931,20,2,4
2,17,42.60635470799545,20,2,4
2,17,27.413658592746593,20,2,4
2,17,31.404460414632755,20,3,4
2,17,30.27383738562159,20,3,4
2,17,38.909022589994024,20,3,4
2,17,6.577063163259672,20,4,4
2,17,3.0,20,4,4
2,17,38.87044081328906,20,4,4
2,17,6.543776090790743,20,5,4
2,17,27.265963111643465,20,5,4
2,17,40.08508293742533,20,5,4
2,17,42.847423338596066,20,6,4
2,17,31.001828746201138,20,7,4
2,6,27.761712667467524,20,1,4
2,6,28.844492195988774,20,2,4
2,6,4.920132699748318,20,2,4
2,6,27.001235960746364,20,2,4
2,6,8.86745897558785,20,3,4
2,6,4.862795050196478,20,3,4
2,6,6.612736510336951,20,3,4
2,6,5.623951932347363,20,4,4
2,6,5.599651597438714,20,4,4
2,6,5.782697348744689,20,5,4
2,6,3.0,20,6,4
2,6,4.349112120952169,20,7,4
3,15,3.0,20,1,4
3,15,3.3901725657938266,20,2,4
3,15,3.0,20,3,4
3,15,3.0,20,4,4
3,15,3.7807824569784945,20,5,4
3,15,32.41315790425247,20,6,4
3,15,7.254705338992865,20,7,4
3,18,16.430450009623954,20,1,4
3,18,37.60294371514016,20,1,4
3,18,37.277047178660716,20,2,4
3,18,37.432727594711714,20,2,4
3,18,10.6611617669307,20,3,4
3,18,11.5053862965163,20,3,4
3,18,14.420265168780013,20,4,4
3,18,16.48693540730945,20,4,4
3,18,35.56437253599771,20,5,4
3,18,16.234204294704835,20,5,4
3,18,12.515851720154565,20,6,4
3,18,5.9426775821170565,20,7,4
3,5,37.20591234901661,20,1,4
3,5,33.42975168595023,20,2,4
3,5,10.647771004660953,20,3,4
3,5,36.54218359371161,20,4,4
3,5,37.07552456745899,20,4,4
3,5,34.967049775602824,20,5,4
3,5,39.0528624601077,20,6,4
3,5,35.31646806423613,20,7,4
3,3,10.030150300402127,20,1,4
3,3,38.49900232104037,20,1,4
3,3,18.153647669602027,20,2,4
3,3,19.720037632802693,20,2,4
3,3,9.399709504374457,20,2,4
3,3,14.274046411251572,20,3,4
3,3,18.61229013304484,20,3,4
3,3,40.855521442178045,20,3,4
3,3,41.70521109854629,20,4,4
3,3,14.357671900252964,20,4,4
3,3,39.88773431003422,20,4,4
3,3,38.15420054106193,20,5,4
3,3,35.938652594209785,20,5,4
3,3,36.891134105240425,20,5,4
3,3,9.364453415010502,20,6,4
3,3,18.097465302203997,20,7,4
4,4,41.38572019727707,20,1,4
4,4,3.0,20,2,4
4,4,3.685590678946716,20,3,4
4,4,27.650812116877418,20,4,4
4,4,30.71552619762344,20,5,4
4,4,31.34159123609585,20,6,4
4,4,30.078214822286842,20,7,4
4,17,11.914496474390758,20,1,4
4,17,28.33684500013296,20,1,4
4,17,7.002231684755575,20,2,4
4,17,10.573982363591623,20,2,4
4,17,10.386042135237462,20,3,4
4,17,9.912189931760661,20,3,4
4,17,27.66429961675173,20,4,4
4,17,25.41245838221774,20,4,4
4,17,26.24059116658724,20,5,4
4,17,27.419680978989533,20,5,4
4,17,14.646385311765355,20,6,4
4,17,25.281268020803452,20,7,4
4,10,17.344560032228223,20,1,4
4,10,34.95407877269419,20,2,4
4,10,20.817786989318137,20,3,4
4,10,33.465703109769834,20,3,4
4,10,32.714520310198644,20,4,4
4,10,17.894557400438078,20,4,4
4,10,20.38527373331804,20,5,4
4,10,33.6532246276508,20,6,4
4,10,31.189375623783178,20,7,4
4,9,35.4854533320791,20,1,4
4,9,14.780262231468058,20,2,4
4,9,24.550381848848982,20,2,4
4,9,35.69401667289434,20,2,4
4,9,25.244378999714538,20,3,4
4,9,24.404644416043322,20,3,4
4,9,35.16499117431431,20,3,4
4,9,15.577014127438815,20,4,4
4,9,16.82537429821917,20,4,4
4,9,33.122724040711134,20,4,4
4,9,17.45397575071965,20,5,4
4,9,23.16673306843381,20,5,4
4,9,18.47808831605228,20,6,4
4,9,22.4329868896071,20,7,4
5,17,16.36644649436649,20,1,4
5,17,9.852963704030637,20,2,4
5,17,6.126773588782234,20,3,4
5,17,13.751449545888004,20,4,4
5,17,11.191079341185215,20,5,4
5,17,7.895043002054894,20,6,4
5,17,19.86799358093867,20,7,4
5,13,26.220491555456352,20,1,4
5,13,20.13552157114728,20,2,4
5,13,40.9608158881044,20,3,4
5,13,22.98229776018107,20,4,4
5,13,34.91917435986346,20,5,4
5,13,37.67407552050438,20,6,4
5,13,21.14856953313635,20,7,4
5,10,9.203635347538103,20,1,4
5,10,11.320267060386936,20,1,4
5,10,8.081116625431743,20,2,4
5,10,9.039160306328972,20,2,4
5,10,11.185362303854781,20,3,4
5,10,10.143238208396003,20,3,4
5,10,14.731358873084044,20,4,4
5,10,13.09763272395131,20,4,4
5,10,3.0,20,5,4
5,10,9.140130917386063,20,5,4
5,10,14.384333978382626,20,6,4
5,10,15.902156629566687,20,7,4
5,17,27.589557819044032,20,1,4
5,17,39.84151301019483,20,1,4
5,17,35.49718623544244,20,2,4
5,17,26.549268521043967,20,2,4
5,17,37.52493447990966,20,3,4
5,17,37.47284920562391,20,3,4
5,17,30.794750672373343,20,4,4
5,17,36.402407434656894,20,5,4
5,17,40.41150932465082,20,6,4
5,17,41.91967832740999,20,7,4
6,15,3.184071120769743,20,1,4
6,15,7.638504787587521,20,2,4
6,15,6.177559856941481,20,3,4
6,15,8.00117220651416,20,4,4
6,15,4.637197988772288,20,5,4
6,15,6.759264927598396,20,6,4
6,15,4.21685386212653,20,7,4
6,15,7.706985302161227,20,1,4
6,15,17.563608042726997,20,2,4
6,15,5.946838626583906,20,3,4
6,15,21.56503017173906,20,4,4
6,15,5.483901323552404,20,5,4
6,15,18.3121112375752,20,6,4
6,15,25.909338663120977,20,7,4
6,9,14.66381397988636,20,1,4
6,9,17.81852582839684,20,2,4
6,9,37.42686341420543,20,2,4
6,9,6.727811510030735,20,3,4
6,9,34.93263674710275,20,3,4
6,9,37.460904962060916,20,4,4
6,9,32.17271644100606,20,4,4
6,9,34.801061817328595,20,5,4
6,9,34.51157012004894,20,6,4
6,9,8.67113454717147,20,7,4
6,15,29.611674179623655,20,1,4
6,15,25.2250080907004,20,2,4
6,15,28.12560689856946,20,3,4
6,15,22.625248265083957,20,4,4
6,15,23.251573271872182,20,5,4
6,15,28.336042883856216,20,6,4
6,15,25.33494928277364,20,7,4
7,18,10.67783381739851,20,1,4
7,18,24.294902442301385,20,2,4
7,18,12.817604449468389,20,3,4
7,18,17.036479316488716,20,4,4
7,18,41.197366327440704,20,5,4
7,18,35.89795545636493,20,6,4
7,18,10.776018421772203,20,7,4
7,7,10.606901943289724,20,1,4
7,7,13.960317385407887,20,2,4
7,7,9.998698216796344,20,3,4
7,7,13.63882980884377,20,4,4
7,7,20.583153686424897,20,5,4
7,7,13.68078700864369,20,6,4
7,7,11.000975424252186,20,7,4
7,1,26.424435470657574,20,1,4
7,1,31.148574476004516,20,1,4
7,1,25.074693555300087,20,2,4
7,1,21.7613465352984,20,2,4
7,1,35.766831759163,20,3,4
7,1,22.43790541125824,20,3,4
7,1,27.312294635766534,20,4,4
7,1,24.502603204898207,20,5,4
7,1,28.41553481061091,20,6,4
7,1,28.702773990378926,20,7,4
8,4,25.733632910085333,20,1,4
8,4,26.813890333206583,20,2,4
8,4,22.049354561978316,20,3,4
8,4,26.084279207065634,20,4,4
8,4,23.029753100379335,20,5,4
8,4,20.469451337565214,20,6,4
8,4,19.325618143484032,20,7,4
8,4,29.80874558646934,20,1,4
8,4,30.064156459241683,20,2,4
8,4,25.24632343059524,20,3,4
8,4,12.464259667104635,20,4,4
8,4,14.823202128792914,20,5,4
8,4,10.096597598252128,20,6,4
8,4,8.998202652278545,20,7,4
9,6,23.485096709393027,20,1,4
9,6,18.257352431516665,20,2,4
9,6,20.025608161135587,20,3,4
9,6,11.842731423553179,20,4,4
9,6,10.810628251912716,20,5,4
9,6,19.510648639609155,20,6,4
9,6,11.944800692557928,20,7,4
9,11,36.41065376870563,20,1,4
9,11,37.888061373077896,20,2,4
9,11,33.61393593366075,20,3,4
9,11,24.67663033409005,20,4,4
9,11,21.057449130332166,20,5,4
9,11,36.53840296771442,20,6,4
9,11,37.51479006087426,20,7,4
9,1,7.425428888510184,20,1,4
9,1,3.0,20,1,4
9,1,35.32883289450693,20,2,4
9,1,5.8979464528844066,20,2,4
9,1,9.870427849963539,20,3,4
9,1,10.077881578072581,20,4,4
9,1,8.003754365322685,20,5,4
9,1,35.72925864672547,20,6,4
9,1,8.279527850918479,20,7,4
10,8,15.494962250525596,20,1,4
10,8,25.854993259505072,20,2,4
10,8,29.727359570010783,20,3,4
10,8,29.81252470418133,20,4,4
10,8,14.044347238725058,20,5,4
10,8,17.21077641273795,20,6,4
10,8,26.530107848486626,20,7,4
10,14,11.431238235849165,20,1,4
10,14,32.969933342165874,20,2,4
10,14,7.680053788057432,20,3,4
10,14,23.237312257508183,20,4,4
10,14,34.296561900572186,20,5,4
10,14,18.82677813582729,20,6,4
10,14,34.39553480519366,20,7,4
10,12,18.377409424401804,20,1,4
10,12,18.10422074784458,20,2,4
10,12,32.168076961049934,20,3,4
10,12,25.12940577600628,20,4,4
10,12,32.52145208747463,20,5,4
10,12,17.674191104865375,20,6,4
10,12,20.59253822314177,20,7,4
11,5,9.538046418719345,20,1,4
11,5,7.687352214592937,20,2,4
11,5,10.705817914616155,20,3,4
11,5,7.847286544522599,20,4,4
11,5,3.791363348596201,20,5,4
11,5,7.787638599964569,20,6,4
11,5,3.9880219100531784,20,7,4
11,3,31.127226900148408,20,1,4
11,3,32.778917740130275,20,2,4
11,3,18.49606110321365,20,3,4
11,3,36.789367404039375,20,4,4
11,3,33.34847302342321,20,5,4
11,3,35.56104847482774,20,6,4
11,3,36.734512182247805,20,7,4
12,16,27.092221322302432,20,1,4
12,16,29.461368767585952,20,2,4
12,16,23.783355668577812,20,3,4
12,16,23.446110338601958,20,4,4
12,16,27.391493170893774,20,5,4
12,16,19.658061073458295,20,6,4
12,16,24.937211274175702,20,7,4
13,15,18.865392887226452,20,1,4
13,15,27.230653080819717,20,2,4
13,15,20.281699997369657,20,3,4
13,15,11.32891772868518,20,4,4
13,15,13.236203670625185,20,5,4
13,15,20.831822485370846,20,6,4
13,15,21.99251253580542,20,7,4
14,19,37.814337517231436,20,1,4
14,19,34.651342938001335,20,2,4
14,19,31.47506514467596,20,3,4
14,19,34.0679762459463,20,4,4
14,19,37.53806245636111,20,5,4
14,19,28.32759706804367,20,6,4
14,19,38.39173898464993,20,7,4
15,12,34.6021541418333,20,1,4
15,12,33.63175597612796,20,2,4
15,12,33.21595537125781,20,3,4
15,12,32.762822330648945,20,4,4
15,12,8.964566030183263,20,5,4
15,12,6.125365645957306,20,6,4
15,12,33.972293649323994,20,7,4
16,1,34.39915069493501,20,1,4
16,1,12.857899299891859,20,2,4
16,1,23.2433676224442,20,3,4
16,1,21.871347352070696,20,4,4
16,1,33.870443190689926,20,5,4
16,1,36.468034145561,20,6,4
16,1,9.770826930784855,20,7,4
1,17,17.062361654358252,20,1,5
1,17,18.070514948637832,20,2,5
1,17,21.967449882491227,20,3,5
1,17,9.342380024806749,20,4,5
1,17,26.10423689789274,20,5,5
1,17,7.560369897869165,20,6,5
1,17,18.35870917453648,20,7,5
1,14,18.68232317879217,20,1,5
1,14,18.4071764705698,20,1,5
1,14,18.559176683918835,20,1,5
1,14,20.548790653118978,20,2,5
1,14,21.222979563292554,20,2,5
1,14,19.158041219589244,20,2,5
1,14,22.07991559149325,20,3,5
1,14,23.522421299495527,20,3,5
1,14,20.677332761014,20,3,5
1,14,7.47787026161851,20,4,5
1,14,22.62602597072372,20,4,5
1,14,23.07814613918471,20,4,5
1,14,26.913490429613802,20,5,5
1,14,7.800078749333592,20,5,5
1,14,3.0,20,5,5
1,14,3.0,20,6,5
1,14,4.192060385214077,20,7,5
1,2,12.738651959262583,20,1,5
1,2,7.672310564842499,20,1,5
1,2,23.298684992109784,20,1,5
1,2,24.46765562405772,20,2,5
1,2,29.854712437357065,20,2,5
1,2,24.241412439773057,20,2,5
1,2,25.743185778817626,20,2,5
1,2,32.131166741226046,20,3,5
1,2,26.942045020588072,20,3,5
1,2,33.21507149272178,20,3,5
1,2,14.03107988311864,20,3,5
1,2,12.539667169155415,20,4,5
1,2,29.645078764892283,20,4,5
1,2,12.74445480982893,20,4,5
1,2,24.417655577294365,20,4,5
1,2,30.8869214576992,20,5,5
1,2,13.70772405320149,20,5,5
1,2,15.365624323284981,20,5,5
1,2,35.84262930240652,20,5,5
1,2,26.198509020593203,20,6,5
1,2,28.243386198855767,20,6,5
1,2,29.290700878338782,20,7,5
2,6,36.5681128367134,20,1,5
2,6,36.800011387660845,20,2,5
2,6,13.576809470978368,20,3,5
2,6,34.545245787871984,20,4,5
2,6,13.310923452330691,20,5,5
2,6,9.243283831034365,20,6,5
2,6,14.154823882373563,20,7,5
2,4,24.625581833989322,20,1,5
2,4,38.521594199828364,20,1,5
2,4,20.475553111956522,20,2,5
2,4,24.010900656502283,20,2,5
2,4,21.33487896488993,20,3,5
2,4,7.465218441392064,20,3,5
2,4,8.316992673886965,20,4,5
2,4,35.90296497617516,20,4,5
2,4,19.64557320395646,20,5,5
2,4,24.100688018135827,20,5,5
2,4,30.036549749221255,20,6,5
2,4,3.0,20,7,5
2,17,38.98563125924312,20,1,5
2,17,36.80892837471667,20,1,5
2,17,41.80174194845436,20,1,5
2,17,5.116000603321411,20,2,5
2,17,35.175498001705904,20,2,5
2,17,36.77295504938977,20,2,5
2,17,25.161723224018907,20,3,5
2,17,39.84245045809619,20,3,5
2,17,41.2039782586321,20,3,5
2,17,28.614325676399858,20,4,5
2,17,4.44749298127371,20,4,5
2,17,35.49564630122964,20,4,5
2,17,41.198208730430196,20,5,5
2,17,30.236593810904036,20,5,5
2,17,41.903855427690274,20,6,5
2,17,39.131937707734814,20,7,5
2,6,5.823009293410321,20,1,5
2,6,9.246051645164549,20,2,5
2,6,10.233208761631868,20,2,5
2,6,9.206582105733773,20,2,5
2,6,5.457127539452664,20,3,5
2,6,29.677681541122645,20,3,5
2,6,28.663431097891838,20,3,5
2,6,7.352602611628636,20,4,5
2,6,29.660236933025814,20,5,5
2,6,32.717109015259815,20,6,5
2,6,30.21763519605813,20,7,5
3,15,33.16416529905606,20,1,5
3,15,30.93924578233204,20,2,5
3,15,4.673806401520211,20,3,5
3,15,3.0,20,4,5
3,15,3.0,20,5,5
3,15,3.0,20,6,5
3,15,30.039473190293364,20,7,5
3,18,16.723680035487423,20,1,5
3,18,17.562267496635386,20,1,5
3,18,9.449736131258671,20,2,5
3,18,38.517833752024934,20,2,5
3,18,37.18135990716541,20,3,5
3,18,7.9948438265390935,20,3,5
3,18,37.92361650758992,20,4,5
3,18,3.0,20,4,5
3,18,38.11445602235362,20,5,5
3,18,13.653888487623073,20,5,5
3,18,9.42193227508324,20,6,5
3,18,9.119586066244128,20,7,5
3,5,7.4780928483739135,20,1,5
3,5,8.240065637535706,20,2,5
3,5,5.487944256764174,20,3,5
3,5,7.399913006096558,20,3,5
3,5,20.65317155112603,20,4,5
3,5,16.3691641609885,20,4,5
3,5,19.40770650913032,20,5,5
3,5,5.194339202959004,20,5,5
3,5,6.757587141608779,20,6,5
3,5,20.902754576163623,20,7,5
3,3,15.82752701855659,20,1,5
3,3,39.48320117159278,20,1,5
3,3,17.891596983465593,20,1,5
3,3,38.323227934217144,20,2,5
3,3,12.94234985526819,20,2,5
3,3,36.88913263389801,20,2,5
3,3,16.420958105547374,20,3,5
3,3,20.171628921441595,20,3,5
3,3,39.033849932939795,20,3,5
3,3,20.62115451024767,20,4,5
3,3,42.36769455437976,20,4,5
3,3,39.17532306716573,20,4,5
3,3,38.29172834200432,20,5,5
3,3,41.811992475068024,20,5,5
3,3,14.919222974602274,20,5,5
3,3,10.716075765902069,20,6,5
3,3,40.751232757629836,20,7,5
4,4,5.494788243721818,20,1,5
4,4,36.15462575653697,20,2,5
4,4,5.074796653218875,20,3,5
4,4,31.925410193397283,20,4,5
4,4,33.91149546219717,20,5,5
4,4,33.836217251356345,20,6,5
4,4,34.786237557306116,20,7,5
4,17,7.75139769728719,20,1,5
4,17,28.65801955252165,20,1,5
4,17,11.875991461612628,20,2,5
4,17,11.420634394904642,20,2,5
4,17,13.744226045718449,20,3,5
4,17,25.855308901748877,20,3,5
4,17,24.172746372719764,20,4,5
4,17,10.3651244082367,20,4,5
4,17,24.125414378521363,20,5,5
4,17,6.023571924816535,20,5,5
4,17,4.430805372674369,20,6,5
4,17,9.305675123954163,20,7,5
4,10,15.811227986294542,20,1,5
4,10,37.08148861390774,20,2,5
4,10,41.313483428478015,20,3,5
4,10,18.925209135079662,20,3,5
4,10,20.145920982222535,20,4,5
4,10,20.688666089526066,20,4,5
4,10,38.47452995771597,20,5,5
4,10,17.0403525511837,20,6,5
4,10,28.96943575155623,20,7,5
4,9,36.5700261014436,20,1,5
4,9,17.154274914316183,20,1,5
4,9,35.93204639158663,20,2,5
4,9,36.61671637373344,20,2,5
4,9,26.007416793765408,20,2,5
4,9,35.17613645619285,20,3,5
4,9,22.0902845752995,20,3,5
4,9,21.049114761060256,20,3,5
4,9,19.23065947331803,20,4,5
4,9,23.917633275348507,20,4,5
4,9,27.565298289753684,20,4,5
4,9,19.83818286363519,20,5,5
4,9,32.81336468386144,20,5,5
4,9,37.381847103367804,20,5,5
4,9,21.576623698637363,20,6,5
4,9,22.457112181972562,20,7,5
5,17,17.608495941346245,20,1,5
5,17,19.31134537560537,20,2,5
5,17,13.734375747214617,20,3,5
5,17,8.160760866462809,20,4,5
5,17,9.859289456792569,20,5,5
5,17,13.825021249620953,20,6,5
5,17,14.10161799761714,20,7,5
5,13,35.42211825446896,20,1,5
5,13,12.05023207851538,20,2,5
5,13,22.229716045407063,20,3,5
5,13,15.256179936060079,20,4,5
5,13,39.17578434268333,20,5,5
5,13,14.59955564513307,20,6,5
5,13,22.007156883274707,20,7,5
5,10,4.564452488068817,20,1,5
5,10,3.4150412227381484,20,1,5
5,10,10.50715544704812,20,2,5
5,10,10.052944279256806,20,2,5
5,10,7.617501062519627,20,3,5
5,10,4.123339041235166,20,3,5
5,10,9.02458106812649,20,4,5
5,10,10.28157038344452,20,4,5
5,10,8.92257486378515,20,5,5
5,10,16.612182562966957,20,5,5
5,10,3.974118782195824,20,6,5
5,10,3.8113918325947855,20,7,5
6,15,5.083417611277547,20,1,5
6,15,4.043816417984046,20,2,5
6,15,10.083446033733763,20,3,5
6,15,3.0,20,4,5
6,15,3.0,20,5,5
6,15,7.942899549377375,20,6,5
6,15,5.516428028920521,20,7,5
6,9,35.937398584277595,20,1,5
6,9,12.113009077935704,20,2,5
6,9,3.02994167351711,20,2,5
6,9,9.575388179102273,20,3,5
6,9,18.44435853048773,20,3,5
6,9,11.405455436825637,20,4,5
6,9,17.568620593471973,20,4,5
6,9,13.966653946831377,20,5,5
6,9,6.810969530464042,20,6,5
6,9,4.517894208542831,20,7,5
6,15,26.63071739616942,20,1,5
6,15,22.29102310782321,20,1,5
6,15,27.82973716268223,20,2,5
6,15,29.299249728530565,20,2,5
6,15,25.7375669386481,20,3,5
6,15,29.51387837231899,20,4,5
6,15,27.419816286473917,20,4,5
6,15,34.81628315084064,20,5,5
6,15,27.0726339485427,20,5,5
6,15,20.32148591647134,20,6,5
6,15,27.2565769050574,20,7,5
7,18,40.25211028633058,20,1,5
7,18,8.866198803728029,20,2,5
7,18,12.710565385425937,20,3,5
7,18,39.59075519715743,20,4,5
7,18,38.805296588427304,20,5,5
7,18,10.859365191945187,20,6,5
7,18,44.13801714430653,20,7,5
7,7,8.946011522701617,20,1,5
7,7,16.92929601264808,20,2,5
7,7,19.86919407928401,20,3,5
7,7,13.455498064538032,20,4,5
7,7,18.546240928033594,20,5,5
7,7,10.317674057405089,20,6,5
7,7,8.554442228754867,20,7,5
7,1,22.796668136985044,20,1,5
7,1,25.642750977550957,20,1,5
7,1,29.07854374970868,20,2,5
7,1,33.260453519928376,20,2,5
7,1,28.87317340245097,20,3,5
7,1,23.859121331317038,20,4,5
7,1,27.190970743266526,20,5,5
7,1,23.49716630722434,20,6,5
7,1,34.8295107573996,20,7,5
8,4,25.619652403240366,20,1,5
8,4,20.221382517221592,20,2,5
8,4,9.15516273167663,20,3,5
8,4,14.049902839983593,20,4,5
8,4,10.196423671073637,20,5,5
8,4,6.795795107900759,20,6,5
8,4,14.72167906527655,20,7,5
8,17,35.30947273065856,20,1,5
8,17,35.46863829766372,20,1,5
8,17,30.39669863050035,20,2,5
8,17,29.965297033563896,20,2,5
8,17,23.49934991625553,20,3,5
8,17,34.878649510005054,20,3,5
8,17,24.587273736485468,20,4,5
8,17,23.03949527199606,20,4,5
8,17,27.717382534119025,20,5,5
8,17,32.02207369826616,20,5,5
8,17,25.742183493235963,20,6,5
8,17,28.889359316697746,20,7,5
9,6,14.189597958343917,20,1,5
9,6,14.586056596453231,20,2,5
9,6,17.85067657875359,20,3,5
9,6,15.971579945168518,20,4,5
9,6,20.013941305843115,20,5,5
9,6,10.781836380776,20,6,5
9,6,13.968928490535339,20,7,5
9,1,6.702472349458488,20,1,5
9,1,8.245426753569717,20,1,5
9,1,35.62745824065928,20,2,5
9,1,9.708049068911016,20,2,5
9,1,9.319780837318142,20,3,5
9,1,9.110536968289939,20,4,5
9,1,6.381284717380328,20,5,5
9,1,38.784150154401466,20,6,5
9,1,3.6012877089179067,20,7,5
10,8,23.017179931069382,20,1,5
10,8,27.75392035451305,20,2,5
10,8,13.109713178727564,20,3,5
10,8,24.70221271655468,20,4,5
10,8,11.046138963404205,20,5,5
10,8,25.635507850914355,20,6,5
10,8,29.1020472476067,20,7,5
10,14,15.028892164742476,20,1,5
10,14,12.902932022087134,20,2,5
10,14,21.71471039225537,20,3,5
10,14,11.227457293032034,20,4,5
10,14,31.49997847882747,20,5,5
10,14,10.648786963925215,20,6,5
10,14,31.899798965576814,20,7,5
11,5,9.068910798072213,20,1,5
11,5,8.963431091080812,20,2,5
11,5,5.329216659977016,20,3,5
11,5,7.747613460881246,20,4,5
11,5,3.0,20,5,5
11,5,8.261820399839024,20,6,5
11,5,5.279934321580795,20,7,5
12,16,25.9674739700355,20,1,5
12,16,25.105762118743705,20,2,5
12,16,23.495720979641423,20,3,5
12,16,22.76485708875191,20,4,5
12,16,23.749249679057012,20,5,5
12,16,26.16465573904749,20,6,5
12,16,25.768854498884608,20,7,5
13,15,20.7789293901184,20,1,5
13,15,20.06849086836078,20,2,5
13,15,20.289948079419553,20,3,5
13,15,12.279145936248929,20,4,5
13,15,28.68230380403681,20,5,5
13,15,14.177872270522318,20,6,5
13,15,20.246528934415732,20,7,5
13,19,20.03257771962986,20,1,5
13,19,22.80714966989077,20,2,5
13,19,18.917376434975445,20,3,5
13,19,19.702266411596774,20,4,5
13,19,24.697725538788116,20,5,5
13,19,10.353015018022653,20,6,5
13,19,9.090599402322487,20,7,5
14,19,33.28995872998321,20,1,5
14,19,35.728950558600935,20,2,5
14,19,30.335442033922668,20,3,5
14,19,33.29640975803838,20,4,5
14,19,33.82413882688282,20,5,5
14,19,37.780836094490105,20,6,5
14,19,35.54178882451105,20,7,5
15,12,35.54613997110599,20,1,5
15,12,7.584911632986711,20,2,5
15,12,36.03918385773443,20,3,5
15,12,34.987493284152876,20,4,5
15,12,5.4798396526920055,20,5,5
15,12,34.229396825306196,20,6,5
15,12,30.419909526731672,20,7,5
16,1,17.416554946954445,20,1,5
16,1,30.979371794502786,20,2,5
16,1,19.36433536320633,20,3,5
16,1,21.03528252954011,20,4,5
16,1,21.185983187238577,20,5,5
16,1,7.856802247846232,20,6,5
16,1,25.394870091053555,20,7,5
